abralin@abralin.org
abtsoft@gmail.com
acct@melhoresvinhos.com
adm@empiricos.com.br
adm@sejalivre.com.br
adriana@gramkow.com.br
afiliadojcw@gmail.com
aglalber@nethd.com.br
aida.singer@gmail.com
alessandrabelmote@gmail.com
alexandra@novasupri.com.br
alexandre-paiva-5082221@topsdasemana.com
americanas.com@parceiros.lmlmgv.com.br
amy_webster@streetfood-festivals.ch
anapaula@forthjardim.com.br
andre_aguiar_1072707@casadeleads.com.br
andrea@talentoseguros.com.br
andressa@novasupri.com.br
ann@mariettaplasticsurgery.com
anuidadedominios@sunrise.com.br
aodispor@seudispor.us
apolonetbr@gmail.com
apowell@petersandpeters.com
approbat@medicina.com.br
asia@salwator.net
asiaz@qualityriver.com
atendimento.tokio@astralseguros.com
atendimento@dataseek.com.br
atendimento@mail.e-vino.com.br
atendimento@mkt.shoptime.com
atendimento@news.vseml.com.br
atendimento10.vivo@investty.com.br
biabocardi@gmail.com
bounce@loweb.com.br
bounce2@mailink.com.br
bounces@bounces.santander.com.br
breno.bazali@gazin.com.br
brindice@brindice.com.br
campanhagmkt@gmail.com
carol_esteves@fidelidademsp.com.br
carolmonteiro1072707@casadeleads.com.br
cathy@hoynant.com
cavaleiros.templarios@templarios.org.br
cayo.valloes@gmail.com
celio@eltra.com.br
cgi@empiricos.com.br
christurk@impcross.co.uk
cliente@schoolpicture.com.br
cmbeizxkf@wlittt.com
cmorse@yourerc.com
cnovak@netmedia1.com
cobranca@secovi.com.br
comercial@vivoilimitado.com.br
consultoraspina01@bol.com.br
contato@absolutyseguros.com.br
contato@activetreinamento.com.br
contato@adukli.com.br
contato@agencianoctis.com.br
contato@arimovel.com
contato@autenticoshow.host
contato@avisostudobr.com
contato@braslider-org.org
contato@challenger.sjc.br
contato@cliqueurbano.com.br
contato@convermail09.com
contato@editoralamonica.com.br
contato@empiricos.com.br
contato@endeavour.udi.br
contato@faapol.com.br
contato@g1servers.com.br
contato@hppartnerfirst.com
contato@info.kalunga.com.br
contato@instrutorair.com.br
contato@instrutoria.com.br
contato@lclicita.envioparavoce.com.br
contato@liderancaonline.com.br
contato@mixtradehost.biz
contato@odontologiadelion.com.br
contato@pachecoassociados.com
contato@parceiros.lmlmgv.com.br
contato@parcerias.mailconv07.com.br
contato@parcerias.mailgvtop01.com.br
contato@planomovelcorporativosp.com.br
contato@pricefinder.com.br
contato@projetusti.com.br
contato@rectemp.com.br
contato@sarios.com.br
contato@sauti.com.br
contato@sdp.bhz.br
contato@sdp.poa.br
contato@sejalivre.com.br
contato@smartsender.com.br
contato@sochega.com.br
contato@sodepebrasil.com.br
contato@spinaconsultores1.com.br
contato@treinagestor.com.br
contato@treinelider.com.br
contato@tributacoes.trd.br
contato@utdcia.com
contato@vivoilimitado.com
contato@yotabyte.com.br
contato2@beneficios.ovh
contato2@cprh06.com
contato2@mailink.com.br
contatomkt@margirius.com.br
contatos@softsend.com.br
cont-bd8k6f@queroacidadania.com.br
cont-c5wbc2@sejaumfranqueado.net.br
cont-csd5fe@precosblackfriday.net.br
cont-ptewvi@sejaumfranqueado.net.br
controladoria@cna.com.br
controledes@crcsp.org.br
controller@akna.com
copadepremioscna@cna.com.br
cursos.seminarium@gmail.com
cursosiob5@sage.com
daniel.couto@nasas.net.br
daniel@wilkinson-partners.co.uk
daniloferreira4357388@dicadoconsumidor.com
debora-andrade-369445@guruonlinebr.site
desburocratizacao@fiesp.ind.br
desenvolvedores@daruma.com.br
dhy90gfm@hospedagemdobrasil.com
digigrab@digigrab.com.br
digigrab@gmail.com
diigitalvivoylt014@uol.com.br
diogo-saraiva-329035@jornalnacionalweb.com
domainabuse@cscglobal.com
dumond@news.dumond.com.br
eduardopexe@pndi.com.br
elton.souto@elgin.com.br
eltra@eltra.com.br
email.mkt2@localimoveis.com.br
email@ecampaigns.dell.com
email@lotter.com.br
email@novidadescamicado.com.br
email@visualcollor.com.br
emm@uspkirk.com
empresas@ecampaigns.dell.com
enviando@consorciosja.com.br
envios7@finatto.com.br
epsonreg@infoyouaskedfor.com
erros@lclicita.envioparavoce.com.br
erunayasampaiodemoura@bol.com.br
fa_guitar@hotmail.com
fabianovieira@outlook.com
fabio@magazine25.com
fabricio@innovatarget.com
fale@sochega.com.br
falecom@beleaf.com.br
faleconosco@cna.com.br
federacao@fiesp.ind.br
felipe@deieno.com.br
flaviovale@hotmail.com
forth@forthjardim.com.br
gabrieloliveira329035@suamelhorescolha.com
gerencial@activetreinamento.com.br
ghrleads@hotmail.com
giovenazzi@gmail.com
grupotiproducao@paqueta.com.br
gustavo@entregacerta.com
halgate8@gmail.com
heloisa@yunystore.com.br
hostmaster@comcast.com
ifclick@mail10.ifclick2.com.br
igoramaral836351@gerentepromo1000.website
info@email.abaenglish.com
info@pandi.id
info@w3layouts.com
info2@linkscen.top
info3@info.wqttth.top
infomailpawjc@vai28.comunicadodigital.com
informacoes@holding.udi.br
informacoes@sdp.gru.br
informativo@objetivasat.com
infra@ciashop.com.br
inmailingerr@mail.inmailing.com.br
institutobraslider@gmail.com
isadora_passos_214568@meabra.online
jaime_cunha@coopercargo.com.br
janone.jr@sunrise.com.br
jenniferaguiar369445@guruonlinebr.site
jewel@goodmorningfilms.com
jobvacancy@floramarine.com
john.kim@filmon.com
katiucia@qinfonet.com.br
klbrrodrigues@gmail.com
leandro@eltra.com.br
leonardoheitor21@gmail.com
lineconference@lineconference.com.br
lsinvestimento@gmail.com
lucaslima-2005@hotmail.com
lucianoborges.nascimento@gmail.com
maciel@m4.net.br
mail@primehdecor.com.br
mail@syspage.com.br
mail@tixell.com.br
mail@visopel.com.br
mailreturn@smtp26.ymlpsvr.com
main@baityehudi.org.il
marcela.gualberto@iob.com.br
marcelo@mmxbrasil.com.br
marco.vinicio@w3net.com.br
maria@mariasabida.com.br
marina.gomes@rh01brasil.com.br
marina.gomes@rh02brasil.com.br
marina.gomes@rh04brasil.com.br
marketing@cdmaxdistribuidora.com.br
marketing@gibsonnet.com.br
marketing@lumini.com.br
marketing@mkt.gjphotels.com
mateus@cwd.com.br
mauricio@mmxbrasil.com.br
mauricio@vp.e-masterlaser.com.br
mauriciovendas1@gmail.com
mhelenaoliveira@goaheadschool.com.br
mkt@wagconsorcios.com.br
monitordedominios@gmail.com
mw1@ig.com.br
nanaokida@hotmail.com
nao-responder@dafiti.com.br
narciso@ifractal.com.br
netwizard@netwizard.com.br
news@descontosmail.com
news@marciamello.com.br
news@mkt.americanas.com
news@mkt.shoptime.com
noreply@descontosmail.com
noreply@rp.enviou.net.br
noticias@grupocertacon.com.br
novidade@encomendanovas.com.br
novidade@fontenovas.com.br
novidade@lunarnews.com.br
novidades@casasbahia.com.br
nzssmdtzrcr@mb.com.tr
ofertaskalunga@kalunga.com.br
orlando@gr-tecnologia.com.br
passarela@passarela.com.br
paulo@grupobmcdigital.com.br
paulo@pslseguros.com.br
planos@pmebr.com.br
playstation@playstationemail.com
pohl@cinar.de
postmaster@consorciosja.com.br
postmaster@mkteletrum.com.br
postmaster@ssbinstrumentos.com.br
postmaster@visualcollor.com.br
postmaster@wagconsorcios.com.br
postmasternn@broughsuperior.com
presidente@icfu.com.br
prime@primepromotion.com.br
produtosiob@sage.com.br
promo@mkteletrum.com.br
promocao-casas-bahia2@gmail.com
purchasing@og-mftg.com
re@vrgmailnrev.com.br
rebeca.campos.836351@promotop.site
receitas@nestle.com.br
registro@mediapost.com.br
registro@sitecontabil.com.br
registrobr@sunrise.com.br
reidoemail2010@gmail.com
relacionamento@avantipalmeiras.com.br
relacionamento@comunicado.casasbahia.com.br
reservas@egpviagens.com.br
reservas@nacionalinnfoz.com.br
resposta.lucarelli@mrpostman.com.br
retornos@netvendasonline.com.br
return@autenticoshow.host
return@finspf.finatto.com.br
return@gibspf.gibsonnet.com.br
return@mixtradehost.biz
return@mkteletrum.com.br
return@naclink.nacionalinnfoz.com.br
return@naclink.nacionalpocos.com.br
return@net3.website
return@novspf.novasupri.com.br
return@primepromotion.com.br
return@visualcollor.com.br
return@wagconsorcios.com.br
return-2iexjuxi@hospedagemdobrasil.com
return-conto-8loskb@precosblackfriday.net.br
return-conto-zisldg@sejaumfranqueado.net.br
return-kc6q32gf@servidormixtrade.info
ricardo.iadeluca@terra.com.br
ricardocoelho@bancodevarejo.com.br
richardson@iefalqqy.ahazu.us
rloureiro@atarde.com.br
rogeriosantosokcd@gmail.com
root@bbdonicaragua.com.ni
rosaly_petrin@sicredi.com.br
rp@parceiros.lmlmgv.com.br
rp@parcerias.mailconv07.com.br
rp@syspage.com.br
rp@tixell.com.br
rp@visopel.com.br
sac@flets.com.br
sac@giulianaflores.com.br
sac@sac.pontofrio.com
sacadm@sigmaimoveis.com.br
sandycohen@nautica-latin.com
sec.ema@salesianas.pt
secovi@secovi.com.br
secsbo@secsbo.org.br
serversuper@bol.com.br
shopping-cart@shop.dafiti.com.br
simone.ribeiro@investty.com.br
sitesantander@santander.com.br
sky@news.sky.com.br
snd@net3.website
soltek@soltek.com.br
spinaelcio@gmail.com
sulamerica@sulamericaonline.net.br
suporte@acessabrasil.com.br
suporte@adylnet.com.br
suporte@onda.com.br
suporte@pandaserver.com.br
suporte@roi360.com.br
suportevendas@nacionalpocos.com.br
support@g2marketinginc.com
support@w3layouts.com
sys@psn.playstation.org
tainara.rosa@grupocybersul.com.br
tais@qyhr.com.br
terencechan@ashk.org.hk
ti.seguranca.informacao@viavarejo.com.br
timothypickens@aczc.net
tms@tms.com.tn
unsubscribe@convermail09.com
unsubscribe@parceiros.lmlmgv.com.br
unsubscribe@parcerias.mailconv07.com.br
valtuir.cruz.abreu@gmail.com
vendas@dicaparahomens.com
vendas@novidadesdasaude.com
vendas5@sgbr.com.br
ventas@amoblamientosperret.com.ar
visualcollor@gmail.com
vivo@smart.smartbmc.com.br
vivoempresas.movel4@investty.com.br
voegol@news.voegol.com.br
voyagebrindes@gmail.com
website@athletic.com.br
webusernn@olympus-imaging.com
wesley_pacheco@hotmail.com
whitelistcomplaints@eco.de
wmurphy@conceptsfoodgroup.org
ydraweb@ydraweb.com
zmiltd@regenerativebiology.com
zxyel@zyxelbrasil.com.br
